year,Albania,Bolivia,Bosnia and Herzegovina,Cambodia,Dominican Republic,Ecuador,"Egypt, Arab Rep.",El Salvador,Georgia,Ghana,Guatemala,Honduras,Indonesia,Kazakhstan,Kenya,Kyrgyz Republic,Moldova,Mongolia,Morocco,Nepal,North Macedonia,Paraguay,Peru,Philippines,Rwanda,Senegal,Serbia,Tajikistan,Tunisia,Viet Nam
2000,-113.15763647986455,15.440407861216045,4.171193853680961,-38.36235089311867,227.746604979724,188.43892634431313,57.5234554517242,8.634783808345219,-215.78607028347665,40.94419205097597,164.02819039078304,14.958744366024348,-3.7082283026729783,146.2244361967605,44.55971310938594,2.8116859155434213,-31.061502095712513,78.00540744890509,-8.927031241162695,44.32975919014717,100.20334166625753,245.8182251926496,161.11069725012385,40.968274306477724,-216.12442273579694,58.34809644376355,-31.83685114548689,-44.476714512171384,-22.29220600779672,-3.3686093813271327
2001,11.582407496884116,10.685648538875512,-39.63521870126988,-48.22138969124035,205.7571071417915,223.72756850785981,49.393083424328324,14.820451843626415,-198.72966105123032,30.32943840828966,140.06161455188885,-14.756696042984686,-1.6137445568308522,663.5443252023997,33.648510662254694,13.134744220545144,-25.966329693107355,32.592856333561485,48.60525252688353,38.928135925651645,-50.761852334964715,92.46469224517296,14.5319457675605,20.67952679557152,-208.26858865881098,65.48958068558261,9.93758170498677,-39.16636952452251,-7.215293625684353,7.999996860526153
2002,13.031851364976319,16.72532796107248,-32.361160352672414,-74.37123801505777,221.96692582252626,272.32894682051074,33.678942588916925,-1.8846162682557406,-172.21354088787348,26.64872762899836,148.4320897776356,0.29205080114024895,6.813769638044505,986.8972080522199,-4.432412090969137,-8.266377261522507,6.383872556607685,-0.9903601881806026,43.26403835485371,0.9756474620035078,-59.40203159900102,-73.91695357347271,31.537778527365845,6.219730333081543,-158.879805175338,63.224606460559016,65.24382831654157,-28.924407379598847,-73.8232514301335,13.427475917824268
2003,5.577094547558318,-15.747757706101766,-17.270333025549917,-78.53932991496129,-84.60766296091697,176.9836456404937,-12.746367937144441,16.540783689629734,-78.69673427077282,16.54515027391176,109.0545406954052,-6.691229977490821,23.483126742162767,1561.7651313039305,-25.21407218752097,14.863181507202967,12.699731434517389,-66.4068863443913,74.68479394932729,13.015703730124187,-75.20537023683983,52.65098207956726,-62.30167341744436,48.63844886598599,-172.80929103167801,88.91529677756307,85.7781925405834,-1.9165027570852544,-20.16585998286837,8.221118143003423
2004,-12.149106445499001,-23.13886496109035,53.91037782208923,-73.45672428702517,-263.628533734709,230.81943518363096,-65.83628457605391,-8.24260555177807,-122.69370646048492,-8.42413573839508,89.91863417330023,6.4904680481556625,14.75401012754719,2021.2839525153404,-26.322167211608303,29.33440014187488,27.76407850062742,-7.272528280177539,43.291523343407334,12.809598490582061,-73.96034102637077,39.94955819767165,-163.78415101434257,82.24292708662483,-173.52610968577397,88.89625929765589,173.48652538774058,13.136293868425582,34.2427273541839,14.157154901445438
2005,-26.505974506224902,-18.77439069683669,4.347164468986648,-52.181759973200656,-137.2937739150002,254.47796750534872,-81.44540217731083,23.550011418943996,-44.75666107390498,-14.704869851139847,38.59166285870924,39.2403332471456,-2.875213575480757,2238.1619847903294,-19.52629723418545,-9.386364502896413,41.54492298573814,-66.18974800189471,-6.386223114094264,-1.491591754335218,-50.67619715221463,-115.65517581173845,-176.07116319823353,18.078308841321586,-160.18208382363497,86.51778158664501,228.36502328716142,10.28008751479149,13.816260305605738,-6.470411814140334
2006,-41.170469878664335,-30.81344890337141,-2.2671959260428594,-45.99956632310716,-79.75816108380332,140.86671824290534,-53.8708097200406,53.02264906545861,14.665811799258336,-27.28829270532765,3.591991708029582,69.05139972767051,-44.07815542374556,2545.6797122321705,-4.524530928544664,-21.111032376251046,25.507141882902715,-109.60908886540892,27.404067314815165,-17.286370220013964,-60.45352343977811,-157.9871433426406,-206.0477521713069,-31.344573413426133,-146.32678794628004,54.820891624609885,125.2305110744428,6.487977392349876,31.334586600476996,-32.2785629855789
2007,-75.8227576042259,-50.53093466373957,-7.886537055600456,-60.026107403662536,-93.56245430496256,-96.618049262368,-60.32446859824904,-31.26042338297293,140.02308215744597,-76.77127076453598,74.09529449827824,67.28850010891529,-66.51699702148062,2832.0909915925095,10.379838278786565,12.24431256888954,-71.6141497110707,-180.97064987799013,-33.70230407776853,-27.143103037501533,-30.737629183036915,-108.38679754303575,-185.4625642302999,-38.19025932771319,-139.42276997928002,19.21949490806651,235.13338255015515,5.041219142153523,65.46125608787179,-74.31954827216919
2008,-8.321853776732041,-43.21872075030933,79.31291354464202,-48.591902107551505,-221.93364032227964,-28.86123527546897,-9.475736112166487,-34.64608985717041,30.40014051778826,-52.93185044057395,41.221726593032145,60.78344841351418,-67.11939484192726,2907.5951662277103,-54.20121934258509,46.65686224082708,-7.761000437229995,-106.34825977275887,-20.098082888792305,-24.82129594591811,13.288866191360285,-24.912404636040264,-14.607833947774452,-43.46148867680449,-132.186796794977,42.587751506528775,446.7785563661755,-5.375351557961267,47.69297184958032,-91.14970032162614
2009,142.62563781013387,4.828233417917545,62.11789870609164,-16.235124540670995,-212.21727178852416,-12.986361554389987,93.79139140483221,-57.68656422869935,-21.141662196949255,-27.97390987017411,51.215616714379394,-37.8588367787479,-0.7186793723467417,2923.7495918162194,-51.970252043083974,56.58499332090446,-131.87170968825603,-135.55548412092412,38.251019786862344,-14.24178258157167,49.65637477695964,-62.12825186641294,59.44682722541893,-56.382087333364325,-138.778482260872,37.006773382838674,322.00210558348044,-12.209296198782681,163.86995520342725,8.313318744676735
2010,126.65497312382058,-54.13290154739252,-14.76768029263576,-44.58892197248997,-226.34813924258378,-202.88878091822698,86.60165996914702,-38.1749108687859,54.647073220750826,-10.433889519186778,17.321024098744147,-29.808445712521916,-5.806113925208592,3038.2502205434994,-7.96044483202536,9.970231852776237,-65.5484305388527,-202.82434704319894,2.326042208693252,-15.287240430375391,12.039777122457053,208.73723608208456,97.83272896187736,-63.95877392279317,-141.84605855972097,1.393359828550274,235.58651567572542,-2.804190475203768,163.56893671326725,-1.7343461517357355
2011,56.13043433229677,-59.391705173387436,-34.41751999561711,-66.12211344019215,-355.4688333799668,-56.75170258481103,65.29162714533913,0.9791148439667268,-7.15342696702055,62.04024100025822,-10.377971666630856,2.3473275910491793,-6.998923500282217,3449.7280990399395,6.855132469899672,29.734253706200093,-26.171370317565106,-40.980557411394784,24.278532425453704,-24.527453081028625,53.85806160143875,148.68983698255033,36.29067923142338,-90.40981362454795,-132.24101624700404,-41.937512578481346,42.912641652379534,-8.433530297244943,-26.268213556128103,-11.810478263276309
2012,26.588757971105224,-16.76708164588763,-70.94955201458106,-77.07658038136583,-293.2515301739322,140.83911151947814,38.87404831644926,52.22382307870248,-17.784967190809766,94.1172634325012,-70.93361964611859,17.259305725114245,11.681003782844073,3671.615842960451,6.711303325139852,-23.926037385399923,-121.29953238446888,52.97533992442459,-7.33217456793318,-27.053241111616444,8.3222205099637,-108.45130590191638,155.23548728751575,-32.31336453915446,-127.87396463435198,-50.165611891354274,-90.51315371621058,-3.989149148262868,48.657134362299985,-18.83668308253027
2013,-15.439914588657302,6.680619869978727,-58.938062725884265,-59.64447873177619,-392.8120740791883,198.2743155916669,-35.42605198344518,44.57402390937568,-92.72640959980072,93.46972931019945,-84.80755190296986,0.7675252419235221,-0.35209749928344536,3884.6918695779705,11.80868964889396,40.47408006599312,2.779561940444637,188.78109458103881,-33.014433668472066,-16.622424149408516,-29.106048488967645,8.933022561278449,81.17179255187057,-6.671467306057821,-139.145091395362,-83.40301935502544,-233.66431153708345,-3.5547115010076595,34.81327399414795,-60.013962657965294
2014,15.053007714312571,24.86327146306712,-102.40437544323322,-26.867851281428784,-256.6857882736185,183.53725254796882,-71.4052890154544,2.1942917503401986,-130.4826055027902,39.88764005971234,-48.702044786789884,-23.443843424571696,-11.212730610427116,3796.4319434549097,9.335831108485081,26.588581790475246,63.4599169727112,269.0425346584202,-67.359340880344,5.425930152121964,-2.425895193514407,11.58458256769427,-58.29952378415874,-16.728877209288385,-163.95604270680394,-86.83998824005857,-467.4002297298639,2.6035526692988924,70.15782831532988,-61.798344443286624
2015,-11.318223322184167,56.304758454379225,-11.881664925143014,-1.4638526185494811,21.519021556265216,41.86845023281694,-46.821441533613324,-12.978529679564872,-45.02867569283762,-3.943867352630832,-25.113971947547725,-20.149564603941144,-3.344059629886033,3395.16953164346,1.355709450059976,7.656304585441603,-25.868617030419045,174.26979807766065,-3.16490898246866,-8.295424736313748,18.087950655016357,-6.872925669121287,45.70431613171513,-15.862673076283954,-149.85221677790992,-83.55926766706193,-405.1521735666629,-8.509372215386179,3.866837724632205,-14.52219212356431
2016,59.85271591136461,64.90953778294443,-4.194742993924592,42.16593715947238,285.75726591546754,-158.7567290361958,-37.86208787148098,20.66387177794013,57.0298521144141,-22.857327601390125,-60.28779017602392,-7.161220590766334,12.48329514836405,2973.669548547121,-3.4030095628227173,4.201781501633377,13.182039800346956,34.56026223256731,-48.46572138462716,-34.01077977022294,-2.6160432676815617,80.16264063167182,172.1280748628642,7.310245451062201,-126.39081166268204,-65.40576573649082,-203.67982689441214,-2.108645729547902,-54.518175651897764,-6.0164288386581575
2017,73.20681832299488,49.43988099885337,41.29104907231067,79.76017328694388,308.1465788099613,-56.13533625337004,-48.16380567979013,31.44060525031182,114.35034530460507,19.667024265350165,-96.50076093343023,9.918886100508189,16.36631426271697,3024.872083960331,-21.63668379753608,-13.733549189998485,51.28658647316024,-6.3750276146715805,-19.99094513903765,22.287678597112745,-107.53236483395995,88.94403247728314,47.98674386903622,58.402733803149204,-186.01193917310002,-47.91578156967421,-152.1459773470424,5.842560354668649,-108.73665452379419,-0.5073537029638828
2018,82.83442880953498,4.8190135734621435,37.96472806271777,113.36097017837346,575.2803931088429,-220.90216310611322,-29.817846035455204,36.729098756252824,152.45546350539917,13.371635252311307,-111.27148562716184,3.5709373684185266,-8.896637996921072,2851.5060824232087,-14.048491864306698,-47.684524035078084,55.50447464815943,1.8073840038896378,-27.227923777934393,47.52979213412141,-148.65961616028562,59.63451686794997,-15.04475471511978,43.03174641230589,-213.21010928798296,-59.08422454493325,30.768201504712124,5.31464540367233,-153.73008190430664,3.743154111879903
2019,45.95838866205486,-40.551961914222375,23.138700237070225,136.8786911064176,768.1839412158324,-362.64083385805316,42.113218837504064,27.415008029835917,249.52060216522113,25.71260807218073,-92.80671138935486,-26.616419656520975,-0.11850469743740177,2872.6376799809395,-10.13909450772394,-66.87842083599298,44.360096994751984,-50.92604618020869,-20.89350841307578,48.97252297335149,-28.609733996147952,-126.76933620087766,-90.85543592208978,62.818713483376996,-213.24588739870808,-82.65267798055447,196.92810244922293,-3.005919152251863,-245.4692884943688,33.347328823459975
2020,137.0837139446612,-351.172569391696,205.03001568133914,118.26779686517807,278.0341060606379,-789.8256548286636,255.71297010105718,-164.35750832971553,168.7540186757933,81.8149394219181,129.20706278080434,-170.42555460558287,106.94115860756483,3169.1625553838994,2.0213574508450165,-124.9304257563781,-139.62469587726582,-33.464528576912926,-74.74742149343729,49.210784642923386,17.944391972408084,308.06361631406253,-619.3584506226771,-113.21214133845024,-210.27905455658208,-54.29866323175429,418.2254354153047,82.81094337400145,-517.6456257954073,318.1326989276449
2021,228.31178120803452,-252.14731439817479,150.18786786849523,-15.626701294546137,979.226006305912,-560.7403039238579,124.85698493886957,-14.835303011372162,553.8459748343212,68.0441684088637,-18.279643791956005,-60.73285148214518,6.43958749495323,2528.486424403649,5.864088013198398,-159.5550427836199,154.06874568100648,-455.2405095363042,-46.963578344415055,20.058113525576573,-111.37287677749009,-108.73749465878336,-35.97272831480586,-247.71945086303413,-191.74700775871304,-71.86787421317922,753.2850994788687,119.52916012366632,-652.223488076299,129.5460751977107
2022,218.2961148311615,-241.23919223507482,179.5138342955379,-120.36871826042216,1265.4117957643302,-315.7553596805901,230.20260233281851,-27.716109623261218,922.0816357265749,14.398864524500823,-17.711631337569997,-70.47123807120488,7.045438098267368,2360.2123203967494,6.1645015312353735,-134.87438744605015,-163.54290032488097,-720.3380321744671,-123.65818413326497,8.818180057736072,-141.81980809311153,-453.8753628933864,2.6185104387777756,-163.74280567342748,-177.6597908695901,-105.58512386794041,1009.5059695413711,123.9408766505801,-762.0804432910622,226.62401215473756
2023,301.9732352750025,-323.9416709660113,83.68558179228785,-198.1431768037237,1114.1414652739459,-471.4736695880383,213.5870004773874,6.074330513883979,1091.1712143777495,-61.98630164536871,-39.541997476328106,-75.14976729336695,42.255560694678934,2643.43191867681,25.03542533115683,-97.31636811974727,-201.74893342408086,-779.1364696309602,-116.57217994203074,-27.031087287714854,-113.28220391199739,-281.2100501697605,-381.1106749409573,-84.8845778390355,-142.516688476176,-136.14024395308047,1155.2176959988847,141.5537210153982,-901.2079306793089,213.8844246494391
2024,356.7580364820951,-517.2895228041571,40.08963446935468,-245.85759364876458,1207.867715702415,-852.3734287008319,124.11597760106997,-3.3704422353876,1298.2833279183124,-67.80464894331544,-21.053060975124026,-105.36891913677937,53.74596801179723,2704.3300736583915,13.29235845211474,-29.056918727435004,-325.649496473558,-934.5758051834764,-98.51684826721976,-34.195776542148906,-139.00984810659884,-123.2320000991158,-475.63101661836663,-65.9736754160499,-136.7953781112799,-132.3540713968414,1311.8761964912437,159.0406567233938,-951.3729879977923,278.93604080626756
